ID,nome,email,telefone
1,Emily Beck,courtneyhamilton@example.org,001-298-979-5841x17359
2,Eileen Morris,chandanielle@example.org,+1-478-909-5208x52660
3,Cynthia Nelson,chill@example.net,963-566-5007x7112
4,Megan Davis,wmcdonald@example.net,+1-947-347-8299x69650
5,Dawn Russell,eaustin@example.com,(761)785-5275x6527
6,Alicia Smith,jeffreyhoward@example.net,353.488.1495
7,Elijah Zuniga,wyattpatrick@example.net,670.964.1307x503
8,Beth Arroyo,catherine74@example.net,934.711.2893
9,Laura Johnson,amanda00@example.org,(802)880-5513x304
10,Amanda Johnston,dmartinez@example.net,685.627.6307x2215
